{
  "epochs": [
    0,
    1,
    2,
    3,
    4,
    5,
    6,
    7,
    8,
    9,
    10,
    11,
    12,
    13,
    14,
    15,
    16,
    17,
    18,
    19,
    20,
    21,
    22,
    23,
    24,
    25,
    26,
    27,
    28,
    29,
    30,
    31,
    32,
    33,
    34,
    35,
    36,
    37,
    38,
    39,
    40,
    41,
    42,
    43,
    44,
    45,
    46,
    47,
    48,
    49,
    50,
    51,
    52,
    53,
    54,
    55,
    56,
    57,
    58,
    59,
    60,
    61,
    62,
    63,
    64,
    65,
    66,
    67,
    68,
    69,
    70,
    71,
    72,
    73,
    74,
    75,
    76,
    77,
    78,
    79,
    80,
    81,
    82,
    83,
    84,
    85,
    86,
    87,
    88,
    89,
    90,
    91,
    92,
    93,
    94,
    95,
    96,
    97,
    98,
    99,
    100,
    101,
    102,
    103,
    104,
    105,
    106,
    107,
    108,
    109,
    110,
    111,
    112,
    113,
    114,
    115,
    116,
    117,
    118,
    119,
    120,
    121,
    122,
    123,
    124,
    125,
    126,
    127,
    128,
    129,
    130,
    131,
    132,
    133,
    134,
    135,
    136,
    137,
    138,
    139,
    140,
    141,
    142,
    143,
    144,
    145,
    146,
    147,
    148,
    149
  ],
  "train_losses": [
    -0.5061644175239596,
    -3.5964432186965074,
    -4.347017093233839,
    -4.4373970541302885,
    -4.535471285729116,
    -4.551872241904014,
    -4.5567239168104035,
    -4.621618576032,
    -4.594009505464546,
    -4.540019175846919,
    -4.56400836788404,
    -4.380644306820283,
    -4.461274177005586,
    -4.489671662903443,
    -4.604193740947487,
    -4.5776528268882934,
    -4.586609569399658,
    -4.5483136533461455,
    -4.67908336520195,
    -4.671770638439428,
    -4.734024171130586,
    -4.663669226171282,
    -4.711342993425272,
    -4.673490575748691,
    -4.688023857829581,
    -4.763894090204795,
    -4.792883063371626,
    -4.896822000770786,
    -4.871923219547163,
    -4.912050922988659,
    -4.8644593283852,
    -4.793034418993451,
    -4.834851281143523,
    -4.873465736076808,
    -4.883917396506069,
    -4.950430995666794,
    -4.904645640124298,
    -4.919328441490999,
    -4.912715737672144,
    -5.0102894363328705,
    -4.917474723269217,
    -4.94624240172028,
    -4.970840846644357,
    -4.941448613157652,
    -4.9810632880008745,
    -4.985435958437696,
    -4.985117997553406,
    -5.024284144892632,
    -5.011329151302109,
    -5.017560571169277,
    -5.009057084357586,
    -4.987165075099655,
    -5.024171655191636,
    -5.077875953081831,
    -5.091723667100008,
    -5.04953438174165,
    -5.064424364359925,
    -5.053693673061273,
    -4.976050290486551,
    -5.087979587518304,
    -5.0768581304577305,
    -5.0335743283818495,
    -5.093508356919838,
    -5.094171940288367,
    -5.092576162743874,
    -5.080120010498068,
    -5.084705853894628,
    -5.099512924637597,
    -5.142085528110881,
    -5.102691398677582,
    -5.08769932354497,
    -5.132052794997587,
    -5.1026239843236265,
    -5.093076861854298,
    -5.09974213369286,
    -5.072723201786301,
    -5.064428789686851,
    -5.156428682541271,
    -5.1323648708134595,
    -5.15332935454157,
    -5.166587049947524,
    -5.137508320740582,
    -5.1893734387110175,
    -5.136298232092118,
    -5.14426224475904,
    -5.16146767498928,
    -5.164249754299649,
    -5.144947975144786,
    -5.1216464537814534,
    -5.177453775121003,
    -5.137134538470088,
    -5.182221470109769,
    -5.19953560668069,
    -5.1780386828596185,
    -5.180439852565994,
    -5.219267820871063,
    -5.119318088528781,
    -5.090324542837835,
    -5.117991517261625,
    -5.184290707009615,
    -5.192160543133829,
    -5.210489565566458,
    -5.180748931484914,
    -5.197060266989224,
    -5.200814594635753,
    -5.214099212103175,
    -5.210021735390762,
    -5.224459306681648,
    -5.195145391086766,
    -5.229883733565574,
    -5.213968948144492,
    -5.2275213534428415,
    -5.206595662130231,
    -5.221827386995806,
    -5.182904049919475,
    -5.120065785200463,
    -5.157202207855615,
    -5.208543522836134,
    -5.266974124104675,
    -5.171109060525555,
    -5.2260022400707475,
    -5.225799422252229,
    -5.263613787653775,
    -5.267384621038884,
    -5.286595778724717,
    -5.236148522758213,
    -5.270319928900785,
    -5.273126980123954,
    -5.2519862017328,
    -5.2065720163190345,
    -5.276005872210772,
    -5.283941365475336,
    -5.2481213015139865,
    -5.165437985670516,
    -5.203008411856498,
    -5.21741358666637,
    -5.264019620876394,
    -5.246543721055578,
    -5.208103946610162,
    -5.254025970405738,
    -5.280473214192885,
    -5.215579402395875,
    -5.228419890512273,
    -5.2441842187837215,
    -5.23238209697973,
    -5.201338755630837,
    -5.243901905345374,
    -5.264454281559031,
    -5.320804841623537,
    -5.295841748675445
  ],
  "eval_epochs": [
    0,
    10,
    20,
    30,
    40,
    50,
    60,
    70,
    80,
    90,
    100,
    110,
    120,
    130,
    140,
    149
  ],
  "success_rates": [
    0.0,
    0.0,
    0.0,
    0.0,
    0.0,
    0.0,
    0.0,
    0.0,
    0.0,
    0.0,
    0.0,
    0.0,
    0.0,
    0.0,
    0.05,
    0.0
  ],
  "mean_returns": [
    -50.0,
    -50.0,
    -50.0,
    -50.0,
    -50.0,
    -50.0,
    -50.0,
    -50.0,
    -50.0,
    -50.0,
    -50.0,
    -50.0,
    -50.0,
    -50.0,
    -49.7,
    -50.0
  ],
  "std_returns": [
    0.0,
    0.0,
    0.0,
    0.0,
    0.0,
    0.0,
    0.0,
    0.0,
    0.0,
    0.0,
    0.0,
    0.0,
    0.0,
    0.0,
    1.3076696830622019,
    0.0
  ],
  "mean_episode_lengths": [
    50.0,
    50.0,
    50.0,
    50.0,
    50.0,
    50.0,
    50.0,
    50.0,
    50.0,
    50.0,
    50.0,
    50.0,
    50.0,
    50.0,
    50.0,
    50.0
  ],
  "best_success_rate": 0.05,