{
  "train_losses": [
    3.8634707856483512,
    2.2970288779962793,
    1.178058888037208,
    0.3014093998602325,
    -0.4292470520179438,
    -1.055736546750428,
    -1.634056853874988,
    -2.1393486865044995,
    -2.631572812244529,
    -3.0858960412813623,
    -3.4721711034625558,
    -3.827383379169752,
    -4.057101260886593,
    -4.332119305306783,
    -4.4712261923007235,
    -4.6639880259040405,
    -4.79937317886868,
    -4.811461530064112,
    -4.836614521604513,
    -4.848006162500992,
    -4.937303841877119,
    -4.932705632144662,
    -4.931232785941187,
    -4.933187967343826,
    -4.963783134861318,
    -4.918731675802559,
    -5.028658948446575,
    -4.888147356669561,
    -4.950581112423459,
    -4.892431291458786,
    -5.006657574288706,
    -5.459268687290284,
    -5.554332319652373,
    -5.611616722380963,
    -5.687068551058111,
    -5.557038880004991,
    -5.600706538299408,
    -5.536762798154676,
    -5.6634319697216595,
    -5.7213849902661735,
    -5.63771387896531,
    -5.691164586147238,
    -5.7276990708721485,
    -5.624755146493274,
    -5.734391093762806,
    -5.782671011698195,
    -5.743455012271957,
    -5.694886140090812,
    -5.856254197116597,
    -5.782512380591836,
    -5.7560188769446325,
    -5.812089646354339,
    -6.187529722284287,
    -6.2655606402102775,
    -6.230572087327244,
    -6.307072866352998,
    -6.239049581172287,
    -6.344270482680536,
    -6.325101291132855,
    -6.226061189496839,
    -6.348979660321774,
    -6.2936966022420915,
    -6.327406397245687,
    -6.349612614847349,
    -6.319111954945419,
    -6.247253090355169,
    -6.381081637752853,
    -6.391725494546199,
    -6.375931836124165,
    -6.271186309806992,
    -6.385857270418495,
    -6.684857298266328,
    -6.688668389747695,
    -6.702265078109155,
    -6.7777565865225,
    -6.771692395379838,
    -6.766654355088474,
    -6.760766791839518,
    -6.771864323324364,
    -6.747641074030023,
    -6.786647047799817,
    -6.895078009595911,
    -6.7824930140846655,
    -6.816089063416504,
    -6.7836013650826334,
    -6.822837003773001,
    -6.693756977660557,
    -7.0118031298283325,
    -7.035531718564746,
    -6.96024271672006,
    -7.063337859863238,
    -7.068573794697291,
    -7.102920457614774,
    -7.053700082502189,
    -7.063440327624,
    -7.101443804853502,
    -7.1007954236623405,
    -7.065765130231594,
    -7.080801445254221,
    -7.122849815770199
  ],
  "val_losses": [
    2.9626888353613356,
    1.657698453227176,
    0.6555406971822811,
    -0.1489000255124101,
    -0.8215879179254363,
    -1.4110643516612957,
    -2.0278554641747775,
    -2.432822455333758,
    -2.9328175466271897,
    -3.437666407114343,
    -3.8246249609355685,
    -4.3374924388112905,
    -4.484513128860088,
    -4.366788381262671,
    -4.567366714718975,
    -4.931869349902189,
    -5.170039020007169,
    -4.6931056161470055,
    -5.3818659480613995,
    -5.417506308495244,
    -5.106527231916597,
    -5.184798500205897,
    -5.307194009611878,
    -5.609617867047274,
    -5.63888634307475,
    -5.110361920127386,
    -5.36419869676421,
    -5.183782269683065,
    -5.085056265698204,
    -5.11942299106453,
    -5.144775004326543,
    -6.139997476263892,
    -5.991052603419823,
    -6.007763222803043,
    -6.184755953052376,
    -5.998811444149742,
    -5.695872524116613,
    -5.799759665621987,
    -5.660249915304063,
    -6.254663926136645,
    -6.0822473900227605,
    -5.810510562945016,
    -6.467112577414211,
    -6.097807280624969,
    -6.069633085516434,
    -6.521802443492262,
    -5.93137038508548,
    -6.318582142455669,
    -6.50346892393088,
    -6.162255112128921,
    -6.166193992276735,
    -6.0043530132197125,
    -6.592172749434845,
    -6.826082851313338,
    -6.253041436400594,
    -6.5804506132874305,
    -6.3413964343976374,
    -7.060105003888094,
    -6.823933679846268,
    -6.341213461718982,
    -6.7339109589781945,
    -7.080757955961589,
    -7.140620877471151,
    -7.186022480831871,
    -7.213482253159149,
    -6.903512387336055,
    -6.951918909821329,
    -6.881574485875383,
    -6.856708502467675,
    -6.315369557730759,
    -5.756067046636267,
    -7.157904993129682,
    -7.336788539645038,
    -7.1713672408574745,
    -6.700479670415951,
    -7.234848813165592,
    -7.237858132471012,
    -7.444793544238126,
    -7.485963459256329,
    -7.347447449647928,
    -7.714037207108509,
    -7.6445939752120005,
    -7.61677460127239,
    -7.642130960392047,
    -7.285027232351182,
    -7.25302235084244,
    -7.55805298648303,
    -7.583510175535951,
    -7.729874121991894,
    -7.7974176708656024,
    -7.833760231356077,
    -7.777560421183139,
    -7.669045031825198,
    -7.809420664099198,
    -7.576265654986417,
    -7.949414355845391,
    -7.756663219838202,
    -7.543806999544554,
    -7.916778962823409,
    -7.483620933339566
  ],
  "eval_results": {
    "success_rates": [
      0.0,
      0.0,
      0.0,
      0.0,
      0.2,
      0.2,
      0.2,
      0.2,
      0.0,
      0.4,
      0.6
    ],
    "eval_returns": [
      -50.0,
      -50.0,
      -50.0,
      -50.0,
      -48.4,
      -46.2,
      -45.2,
      -47.2,
      -50.0,
      -46.8,
      -43.2
    ],
    "eval_epochs": [
      0,
      10,
      20,
      30,
      40,
      50,
      60,
      70,
      80,
      90,
      99
    ]
  },
  "config": {
    "obs_dim": 16,
    "action_dim": 5,
    "condition_type": "target_block",
    "use_goal": true,
    "epochs": 100,
    "batch_size": 64,
    "lr": 0.0005
  }
}