{
  "train_losses": [
    3.040918109596708,
    0.47769302731991914,
    -1.0282267042055493,
    -2.0211460157105456,
    -2.79199183428101
  ],
  "val_losses": [
    1.513463011213169,
    -0.4651865333698358,
    -1.6796822403646579,
    -2.529360089332435,
    -3.384450300483947
  ],
  "eval_results": {
    "success_rates": [
      0.0,
      0.0,
      0.0
    ],
    "eval_returns": [
      -50.0,
      -50.0,
      -50.0
    ],
    "eval_epochs": [
      0,
      2,
      4
    ]
  },
  "config": {
    "obs_dim": 13,
    "action_dim": 5,
    "condition_type": "none",
    "use_goal": false,
    "epochs": 5,
    "batch_size": 32,
    "lr": 0.0005
  }
}