{
  "epochs": [
    0,
    1,
    2,
    3,
    4,
    5,
    6,
    7,
    8,
    9,
    10,
    11,
    12,
    13,
    14,
    15,
    16,
    17,
    18,
    19,
    20,
    21,
    22,
    23,
    24,
    25,
    26,
    27,
    28,
    29,
    30,
    31,
    32,
    33,
    34,
    35,
    36,
    37,
    38,
    39,
    40,
    41,
    42,
    43,
    44,
    45,
    46,
    47,
    48,
    49,
    50,
    51,
    52,
    53,
    54,
    55,
    56,
    57,
    58,
    59,
    60,
    61,
    62,
    63,
    64,
    65,
    66,
    67,
    68,
    69,
    70,
    71,
    72,
    73,
    74,
    75,
    76,
    77,
    78,
    79,
    80,
    81,
    82,
    83,
    84,
    85,
    86,
    87,
    88,
    89,
    90,
    91,
    92,
    93,
    94,
    95,
    96,
    97,
    98,
    99,
    100,
    101,
    102,
    103,
    104,
    105,
    106,
    107,
    108,
    109,
    110,
    111,
    112,
    113,
    114,
    115,
    116,
    117,
    118,
    119,
    120,
    121,
    122,
    123,
    124,
    125,
    126,
    127,
    128,
    129,
    130,
    131,
    132,
    133,
    134,
    135,
    136,
    137,
    138,
    139,
    140,
    141,
    142,
    143,
    144,
    145,
    146,
    147,
    148,
    149
  ],
  "train_losses": [
    -0.23679122488818544,
    -3.692952374645521,
    -4.429008603986262,
    -4.6208938885972985,
    -4.765309956462081,
    -4.8217932775722625,
    -4.837835190950722,
    -4.9515254993442115,
    -5.026856014535234,
    -5.0646548305432795,
    -4.99864163170668,
    -4.848740141473149,
    -5.054846481832637,
    -5.113709808922085,
    -5.145552078928072,
    -5.198139295198161,
    -5.20385078993834,
    -5.205815099398069,
    -5.048294414870261,
    -5.189805162597347,
    -5.171014070053019,
    -5.1205442462757675,
    -5.150145171597536,
    -5.17538059436071,
    -5.2287200207730615,
    -5.268531543499715,
    -5.244870981304863,
    -5.236131447146661,
    -5.308277925785371,
    -5.314802279830996,
    -5.315482779667524,
    -5.359549991627506,
    -5.344353488227552,
    -5.3347397349891414,
    -5.228870618902942,
    -5.337851967572488,
    -5.36081866482074,
    -5.320300710252135,
    -5.382761659934205,
    -5.4197011072511865,
    -5.436949468439029,
    -5.438744290005602,
    -5.4635583853484215,
    -5.475789230858449,
    -5.450867814626836,
    -5.461501994572187,
    -5.522974578652579,
    -5.484419983447361,
    -5.545152182090672,
    -5.595464393085301,
    -5.60180258797124,
    -5.5439833690270595,
    -5.532609419882891,
    -5.54714968970117,
    -5.5946845163449455,
    -5.562550084875793,
    -5.5984864451892005,
    -5.606929271709529,
    -5.618562675455047,
    -5.614730754437437,
    -5.652143754711531,
    -5.621927335336911,
    -5.59074462862476,
    -5.685436751026856,
    -5.6695672570048155,
    -5.64897835133425,
    -5.6987037666152585,
    -5.70364693733062,
    -5.629511160947181,
    -5.630720821637687,
    -5.678798121391964,
    -5.691281590166676,
    -5.698010141581594,
    -5.654044566690328,
    -5.683565277666659,
    -5.691850542920412,
    -5.709599099432252,
    -5.6795204229069975,
    -5.749108071330601,
    -5.691654292550229,
    -5.760187145893807,
    -5.724444528231411,
    -5.742444681320048,
    -5.764095067791375,
    -5.774814516789204,
    -5.694176433164398,
    -5.757325168710684,
    -5.760097012156952,
    -5.723683188887443,
    -5.769060573961114,
    -5.77394344710015,
    -5.805028933515589,
    -5.769490721758196,
    -5.806575140301907,
    -5.786561156862321,
    -5.778062143349546,
    -5.78207144747418,
    -5.759621606646357,
    -5.809594436085241,
    -5.789628115521047,
    -5.732905360441628,
    -5.770673083733359,
    -5.782374304956935,
    -5.8258516546672645,
    -5.805818416248175,
    -5.808024771623896,
    -5.76559646741764,
    -5.860565861326193,
    -5.785980943248078,
    -5.807286695718426,
    -5.814526894268915,
    -5.813209046713828,
    -5.814947943633176,
    -5.831861379242384,
    -5.822905157928277,
    -5.872540449553499,
    -5.845787014620402,
    -5.859923817728187,
    -5.834269020414963,
    -5.824657324405856,
    -5.756932289061132,
    -5.861180421260648,
    -5.846414086226888,
    -5.826436328854025,
    -5.843483482511081,
    -5.846507352276852,
    -5.798305719081911,
    -5.890804677871009,
    -5.86251417152573,
    -5.840757159466933,
    -5.83382326115246,
    -5.902444987158009,
    -5.876937453624704,
    -5.862172675683861,
    -5.88260832833362,
    -5.891201947796905,
    -5.7828158405859815,
    -5.818908144544232,
    -5.8744540310177324,
    -5.845223059152302,
    -5.858780992539814,
    -5.816028044335703,
    -5.855474177202154,
    -5.867169803982947,
    -5.864411172927867,
    -5.869182407694894,
    -5.890755641307804,
    -5.852824090690396,
    -5.87570605871518,
    -5.865470244229942
  ],
  "eval_epochs": [
    0,
    10,
    20,
    30,
    40,
    50,
    60,
    70,
    80,
    90,
    100,
    110,
    120,
    130,
    140,
    149
  ],
  "success_rates": [
    0.0,
    0.0,
    0.0,
    0.1,
    0.05,
    0.1,
    0.05,
    0.05,
    0.05,
    0.0,
    0.0,
    0.1,
    0.0,
    0.15,
    0.2,
    0.1
  ],
  "mean_returns": [
    -50.0,
    -50.0,
    -50.0,
    -48.8,
    -49.75,
    -48.45,
    -48.7,
    -48.75,
    -49.45,
    -50.0,
    -50.0,
    -48.25,
    -50.0,
    -48.55,
    -47.65,
    -48.2
  ],
  "std_returns": [
    0.0,
    0.0,
    0.0,
    3.6551333764994123,
    1.0897247358851685,
    4.716725559114076,
    5.666568626602875,
    5.448623679425842,
    2.3973944189473704,
    0.0,
    0.0,
    5.3091901453988255,
    0.0,
    4.14095399636364,
    5.452293095569973,
    5.723635208501674
  ],
  "mean_episode_lengths": [
    50.0,
    50.0,
    50.0,
    50.0,
    50.0,
    50.0,
    50.0,
    50.0,
    50.0,
    50.0,
    50.0,
    50.0,
    50.0,
    50.0,
    50.0,
    50.0
  ],
  "best_success_rate": 0.2,