{
  "train_losses": [
    3.85300176682886,
    2.334289313888821,
    1.2491426686643707,
    0.3289855265046654,
    -0.40573577368221275,
    -1.0153929710303398,
    -1.5996040919766488,
    -2.133206783453397,
    -2.624247789213362,
    -3.072057795049795,
    -3.4551889109577596,
    -3.80130839924385,
    -4.068859540890494,
    -4.226035300562765,
    -4.376557811903919,
    -4.435257856062432,
    -4.6158180577656625,
    -4.740160211221252,
    -4.669622408716302,
    -4.81571822586982,
    -4.856339840766885,
    -4.8791016565786824,
    -4.909857297181066,
    -4.908544066111699,
    -5.001331432106484,
    -4.979726246546207,
    -5.059069349280801,
    -4.898401262665202,
    -5.3772136232422225,
    -5.447129609744207,
    -5.553541687779542,
    -5.592716528375661,
    -5.519402890931152,
    -5.631290455122252,
    -5.708398985150528,
    -5.634230897233293,
    -5.596850193411663,
    -5.596127631145385,
    -5.68357786650678,
    -5.704132529105435,
    -5.682490745614976,
    -5.65635289101309,
    -5.702781409661088,
    -5.639615449593383,
    -5.676986395464852,
    -5.770660310178189,
    -5.667277981512577,
    -5.723816399214787,
    -5.7230411976533455,
    -5.780310422224476,
    -5.765490877170481,
    -5.626807733077244,
    -5.750776938913896,
    -5.790893911128363,
    -6.176313946969478,
    -6.168144358001427,
    -6.237863748544989,
    -6.288623165100771,
    -6.363213922695958,
    -6.262910564457878,
    -6.279849797868796,
    -6.2822667935155705,
    -6.309369036347564,
    -6.30454796205035,
    -6.330673737003657,
    -6.265093728624401,
    -6.389289780327809,
    -6.415920216531876,
    -6.6754976031112125,
    -6.722298028289339,
    -6.723491693119575,
    -6.672258065062261,
    -6.7158241207535205,
    -6.719241062234849,
    -6.808310589105273,
    -6.8061920989458455,
    -6.794631110146578,
    -6.82610726254763,
    -6.811869523942386,
    -6.742399251647559,
    -6.767677234551985,
    -6.88904671445171,
    -6.841063190829194,
    -6.910000273038449,
    -6.829598926378687,
    -6.864407889703938,
    -6.8400125391622355,
    -7.0601033869373,
    -7.108690827533836,
    -7.048804377085115,
    -7.124722891477908,
    -7.171296034225529,
    -7.189923476358905,
    -7.1448058162949675,
    -7.168847251921934,
    -7.190880144642902,
    -7.147647802385463,
    -7.173924992128592,
    -7.14645436274717,
    -7.338738426544928
  ],
  "val_losses": [
    2.970496373840525,
    1.7409168149851546,
    0.7370088998275467,
    -0.11766445584878137,
    -0.7487258405625066,
    -1.3725235432009153,
    -2.0154156745234624,
    -2.2439167831517475,
    -3.033006544354596,
    -3.137878478327884,
    -3.9005709720563284,
    -4.177994685836985,
    -4.239617239070844,
    -4.65996926042098,
    -4.607094692278512,
    -5.1404707099817974,
    -4.909206882307801,
    -4.329242959807191,
    -5.291229531734804,
    -5.327812273291093,
    -5.314515566524071,
    -5.507576085344145,
    -5.4079270362854,
    -4.9440046714831,
    -5.190845272209071,
    -5.385840035692046,
    -5.224453189704992,
    -5.120036206667936,
    -5.783578438094899,
    -5.854660842992082,
    -6.023443173758591,
    -6.097833307483528,
    -6.075104954876477,
    -5.603979506070101,
    -6.185380416580394,
    -5.287880921665626,
    -6.043032893651648,
    -6.233391918713534,
    -5.989088028292112,
    -6.142391742030276,
    -6.153716527962986,
    -6.072807710382003,
    -6.5770587679706045,
    -6.06222118908846,
    -6.17568926267986,
    -6.37014097503469,
    -6.011172173898431,
    -6.618417842478692,
    -6.172686673417876,
    -6.272090441063989,
    -6.575026795833925,
    -6.40384024004393,
    -6.277227118045469,
    -6.453824604613872,
    -5.654686049570011,
    -6.50306181968013,
    -6.858310675319237,
    -7.05083051512513,
    -6.971390452566026,
    -6.930275904981396,
    -6.996288190914106,
    -7.057953593097156,
    -6.25093807148028,
    -6.8847807027116605,
    -6.702538852450214,
    -6.877875032304209,
    -6.916036219536504,
    -6.386735288402702,
    -7.435228323634667,
    -7.418982789486269,
    -7.53226608566091,
    -6.8833868775186655,
    -7.316529449028305,
    -7.3963792474964,
    -7.606642149671724,
    -7.312036260773864,
    -7.330998143063316,
    -7.453489219086079,
    -7.344816105275214,
    -7.355216895477681,
    -7.810711293280879,
    -7.175062668474415,
    -7.634916082213197,
    -7.745310306549072,
    -7.084878058373174,
    -7.184805803661105,
    -7.634587094753603,
    -7.941773227498501,
    -7.176019071023675,
    -7.815043425258202,
    -7.796154269689246,
    -7.736931975883774,
    -7.989839167534551,
    -7.685832059836086,
    -7.835412725617614,
    -7.585204070127463,
    -7.852872184560269,
    -7.490410810784448,
    -7.367770931388758,
    -7.685426265378542
  ],
  "eval_results": {
    "success_rates": [
      0.0,
      0.0,
      0.0,
      0.0,
      0.0,
      0.0,
      0.0,
      0.0,
      0.0,
      0.0,
      0.0
    ],
    "eval_returns": [
      -50.0,
      -50.0,
      -50.0,
      -50.0,
      -50.0,
      -50.0,
      -50.0,
      -50.0,
      -50.0,
      -50.0,
      -50.0
    ],
    "eval_epochs": [
      0,
      10,
      20,
      30,
      40,
      50,
      60,
      70,
      80,
      90,
      99
    ]
  },
  "config": {
    "obs_dim": 19,
    "action_dim": 5,
    "condition_type": "target_block_and_target_peg",
    "use_goal": true,
    "epochs": 100,
    "batch_size": 64,
    "lr": 0.0005
  }
}