{
  "train_losses": [
    1.717965313062538,
    -1.5546056458231057,
    -2.741505893585862,
    -3.289853838522777,
    -3.650626011203397,
    -3.9111470319171717,
    -3.8578193989578384,
    -3.895506340697683,
    -3.9897607137604085,
    -4.039662869882957,
    -4.0001275282178295,
    -4.043877767889123,
    -4.0959852490028315,
    -4.138491682379717,
    -4.147319649903906,
    -4.080159635708308,
    -4.142173308524095,
    -4.160205183018153,
    -4.222035929412286,
    -4.256429493681635,
    -4.244522743340407,
    -4.19936252751018,
    -4.2574012132830505,
    -4.734643980246011,
    -4.756360763930325,
    -4.807005210354352,
    -4.792845425298,
    -4.738613770185714,
    -4.90733244619829,
    -4.7543532857260695,
    -4.786762273879682,
    -4.779713580058954,
    -4.865832432998532,
    -4.973046773951898,
    -4.908539105741941,
    -4.921346496319025,
    -5.3587732411295725,
    -5.347183022950147,
    -5.379101337019783,
    -5.435210134977128,
    -5.343955271083804,
    -5.4608674441937195,
    -5.692208766704094,
    -5.839972666707181,
    -5.803681793796219,
    -5.919531878248217,
    -5.839395494244007,
    -5.916251654687681,
    -5.9220874582551115,
    -5.850531359019015
  ],
  "val_losses": [
    -0.5562393653449739,
    -2.478026437911258,
    -3.2680956201188884,
    -3.966759742445247,
    -3.9693804774314736,
    -3.9425627137445343,
    -3.7136008830586817,
    -3.9190887402577004,
    -4.26446571016008,
    -4.497687210702592,
    -4.426415875459173,
    -4.5033535653618495,
    -4.229953452280372,
    -4.6209000933701825,
    -4.364048367472971,
    -4.392533379755203,
    -4.79277622775667,
    -4.714947282888327,
    -4.32979192247816,
    -4.2024098854915355,
    -4.7028197558822145,
    -3.7681180584202907,
    -4.487213022389989,
    -4.659019315318697,
    -4.704099232983437,
    -5.37481909496769,
    -4.9256897048585735,
    -4.810775460710951,
    -5.17704509170192,
    -5.672718245512361,
    -4.9542069814767045,
    -4.856954336166382,
    -5.130362361859364,
    -4.799245382570158,
    -4.166569230283142,
    -5.463595167087142,
    -5.470764904265192,
    -4.756592976819178,
    -5.488989650064213,
    -4.868893752052526,
    -5.486286011471111,
    -4.854600887389699,
    -6.018849085850321,
    -5.65659386640901,
    -5.646376295454183,
    -5.8446154753873305,
    -5.565782218222406,
    -6.0912482677751285,
    -5.588318744282813,
    -5.994387641833846
  ],
  "eval_results": {
    "success_rates": [
      0.0,
      0.0,
      0.0,
      0.0,
      0.0,
      0.0,
      0.0,
      0.0,
      0.0,
      0.0,
      0.0
    ],
    "eval_returns": [
      -50.0,
      -50.0,
      -50.0,
      -50.0,
      -50.0,
      -50.0,
      -50.0,
      -50.0,
      -50.0,
      -50.0,
      -50.0
    ],
    "eval_epochs": [
      0,
      5,
      10,
      15,
      20,
      25,
      30,
      35,
      40,
      45,
      49
    ]
  },
  "config": {
    "obs_dim": 13,
    "action_dim": 5,
    "condition_type": "none",
    "use_goal": false,
    "epochs": 50,
    "batch_size": 32,
    "lr": 0.001
  }
}