{
  "train_losses": [
    3.85930861551765,
    2.3271302283234143,
    1.233495038908881,
    0.35965968419799044,
    -0.3766673619899989,
    -1.006522679227175,
    -1.5923208954663228,
    -2.135301652877124,
    -2.609990306124409,
    -3.040830425314001,
    -3.445269581603461,
    -3.7269643021172514,
    -3.9053229641269995,
    -4.2745747708663835,
    -4.438179925868385,
    -4.600888775727827,
    -4.752788805520721,
    -4.8451487644976945,
    -4.74430105085902,
    -4.884961967193554,
    -4.955310857821664,
    -4.868744728744963,
    -4.930097468207944,
    -4.993266900945693,
    -4.865303998481838,
    -4.8755749592909945,
    -5.413472606650796,
    -5.435762278894612,
    -5.451568509911745,
    -5.515553130025036,
    -5.540161348169254,
    -5.61519944650859,
    -5.581312714396296,
    -5.53338706137276,
    -5.552389047393419,
    -5.617799547624113,
    -5.9460175244262174,
    -5.953426915246087,
    -6.072205938621401,
    -6.02969179112745,
    -5.9876939833249,
    -6.074957719737741,
    -6.097946758460185,
    -6.048796822980661,
    -6.124613369172532,
    -6.149646908935069,
    -6.117209809263943,
    -6.168521256484144,
    -6.198606344239302,
    -6.173207425460707,
    -6.468282355692445,
    -6.50652637997189,
    -6.536240150714836,
    -6.5094026318654565,
    -6.521391461278772,
    -6.54178675784495,
    -6.53220160892644,
    -6.579198947502234,
    -6.513787349630386,
    -6.568021505689553,
    -6.596708588715468,
    -6.613113543726133,
    -6.631166253117036,
    -6.620301594605317,
    -6.620176436721346,
    -6.6038783000170085,
    -6.636239765378862,
    -6.702071939050557,
    -6.639675882429012,
    -6.696983047094657,
    -6.687335610898426,
    -6.876736634486431,
    -6.842711907531934,
    -6.849260117895742,
    -6.95526841219255,
    -6.960204225854887,
    -6.867484554966348,
    -6.912579534063977,
    -6.929089101924326,
    -6.9050190509807,
    -6.89580386088549,
    -7.024010116311259,
    -6.9652977288193245,
    -6.955944570335182,
    -6.958774144415496,
    -7.007566429981975,
    -6.990407882679577,
    -6.982676642378567,
    -6.9947053551843466,
    -7.099579100249333,
    -7.133582147052922,
    -7.09383271327229,
    -7.177987239099668,
    -7.159842394154577,
    -7.11513188315998,
    -7.235299069376114,
    -7.239648206813915,
    -7.3017359824472265,
    -7.205451746244688,
    -7.210082451276386
  ],
  "val_losses": [
    2.977399958839899,
    1.718249339091627,
    0.7304856037791772,
    -0.08704548133419285,
    -0.700962468415876,
    -1.3890545126758045,
    -1.9691687294199496,
    -2.455116516427149,
    -2.96372388888009,
    -3.506119703944725,
    -3.511779498450364,
    -4.145594949963726,
    -4.55070424985282,
    -4.705186753333369,
    -5.201444529279878,
    -4.9828977403761465,
    -5.266404031198236,
    -4.947521306291411,
    -5.313076067574417,
    -5.589473470856872,
    -4.872218539443197,
    -5.220043758802776,
    -5.406061184557179,
    -5.583411796183526,
    -4.674927002266992,
    -5.4518241972862915,
    -5.927936306482629,
    -6.123471742943872,
    -5.613316246225864,
    -6.339851542364193,
    -6.3283734925185575,
    -5.770403837855858,
    -5.768458487112311,
    -6.106713409665264,
    -6.288571442229839,
    -6.28974242150029,
    -6.108202831654609,
    -6.502528432049329,
    -6.267690724964384,
    -6.728668913056579,
    -6.735852748532839,
    -6.566773348216769,
    -6.770814648157434,
    -6.898128280156775,
    -6.815628709672373,
    -6.850948907152007,
    -6.594962120056152,
    -6.587544115283821,
    -6.480453527426418,
    -6.138562618931638,
    -7.2909520728678645,
    -6.976825599428974,
    -7.127564882930321,
    -7.006212373323079,
    -7.172872072533716,
    -7.134905000276204,
    -7.357436361192148,
    -7.172740616375887,
    -6.4795204597183425,
    -7.072057772286331,
    -6.320500947252104,
    -7.36500003066244,
    -6.973400043535836,
    -7.153211961818647,
    -7.364436318602743,
    -6.822899389870559,
    -6.80117025254648,
    -6.362949467912505,
    -7.054533185838144,
    -7.328016389774371,
    -7.263451992710935,
    -6.839203460307061,
    -7.453878300099433,
    -7.200289738329151,
    -7.224393585060216,
    -7.417468855652628,
    -7.370023244543921,
    -6.934608411185349,
    -7.491022321242321,
    -7.668642454509493,
    -7.419591481172586,
    -7.416632911826991,
    -7.810838174216355,
    -7.376992141144185,
    -7.449110604539702,
    -7.2390607218199134,
    -7.558495515509497,
    -7.414659264721448,
    -6.827541791940037,
    -7.391163119786902,
    -7.25127843060071,
    -7.721660589870019,
    -7.383962613117846,
    -7.25602806067165,
    -7.722834134403663,
    -7.441932623899436,
    -7.531731889217714,
    -7.257087490226649,
    -7.031168907503538,
    -7.243629859972604
  ],
  "eval_results": {
    "success_rates": [
      0.0,
      0.0,
      0.0,
      0.0,
      0.0,
      0.0,
      0.0,
      0.0,
      0.0,
      0.0,
      0.0
    ],
    "eval_returns": [
      -50.0,
      -50.0,
      -50.0,
      -50.0,
      -50.0,
      -50.0,
      -50.0,
      -50.0,
      -50.0,
      -50.0,
      -50.0
    ],
    "eval_epochs": [
      0,
      10,
      20,
      30,
      40,
      50,
      60,
      70,
      80,
      90,
      99
    ]
  },
  "config": {
    "obs_dim": 18,
    "action_dim": 5,
    "condition_type": "one_hot_and_target_peg",
    "use_goal": true,
    "epochs": 100,
    "batch_size": 64,
    "lr": 0.0005
  }
}