{
  "train_losses": [
    -3.4568833654690514,
    -5.186637797929233,
    -5.4366056062720896,
    -5.598571453682729,
    -5.71219808139387,
    -5.820918640944921,
    -5.890310609131699,
    -5.963534026375842,
    -5.928799869138984,
    -5.964819705977139,
    -6.036807358389964,
    -6.062178974275763,
    -6.067871076675444,
    -6.087922689357229,
    -6.106969209121125,
    -6.150946223169731,
    -6.217585717249079,
    -6.240792928811133,
    -6.223503195068318,
    -6.245149179197378,
    -6.2681983443399085,
    -6.278888022031965,
    -6.299393287141265,
    -6.327681177967711,
    -6.320207198524124,
    -6.933781528627401,
    -6.934029330395225,
    -6.974028512146713,
    -6.965228934873644,
    -6.963941139411306,
    -7.006301017086293,
    -7.557234990577273,
    -7.5474882073336955,
    -7.559941262040669,
    -7.553251270654615,
    -7.536233687202446,
    -7.540567645965489,
    -8.023256838645947,
    -8.057743360241417
  ],
  "val_losses": [
    -5.557394593896884,
    -6.208764975984662,
    -5.843527008765642,
    -5.866677356887458,
    -5.785921428192905,
    -6.193368736018146,
    -6.531490779693357,
    -6.5830542526600535,
    -6.33482392079847,
    -5.678153374144761,
    -6.597824904793589,
    -5.605224958193737,
    -6.405322806925173,
    -6.688463299913583,
    -4.931527754109561,
    -5.97765744296847,
    -6.716258375711801,
    -5.4016037394965375,
    -7.105205054780419,
    -6.283590779194676,
    -6.931787514907766,
    -6.216693479322274,
    -6.5995385496569074,
    -4.566720910165375,
    -5.9779598351784875,
    -6.61728901956147,
    -5.789272486381781,
    -5.51570712623883,
    -5.565371090299566,
    -4.470306230674397,
    -5.456411829455419,
    -4.72119216166165,
    -4.161224694108627,
    -4.269475144182194,
    -5.6469547535582985,
    -4.778046171337614,
    -6.143832676927783,
    -5.0377375575036325,
    -5.285292214811115
  ],
  "eval_results": {
    "success_rates": [
      0.0,
      0.0,
      0.0,
      0.0,
      0.0,
      0.0,
      0.0,
      0.3333333333333333
    ],
    "eval_returns": [
      -50.0,
      -50.0,
      -50.0,
      -50.0,
      -50.0,
      -50.0,
      -50.0,
      -42.333333333333336
    ],
    "eval_epochs": [
      0,
      5,
      10,
      15,
      20,
      25,
      30,
      35
    ]
  },
  "config": {
    "obs_dim": 19,
    "action_dim": 5,
    "condition_type": "none",
    "use_goal": false,
    "epochs": 50,
    "batch_size": 32,
    "lr": 0.001
  }
}