{
  "train_losses": [
    3.859979067215031,
    2.237050803423267,
    1.1202969502758335,
    0.2629220284611665,
    -0.4385154620793305,
    -1.0500126254677264,
    -1.6071428525159572,
    -2.088692705458292,
    -2.5263585647512468,
    -2.96652970612473,
    -3.3719452163403267,
    -3.6773607303543416,
    -4.037257353577811,
    -4.318815103465768,
    -4.478732813472938,
    -4.611630927787227,
    -4.723630521494159,
    -4.90585848727233,
    -4.8302703827068445,
    -4.876610336737816,
    -4.884331557693048,
    -5.020123811738081,
    -5.025573577684155,
    -4.946922688701244,
    -5.51782113050838,
    -5.661758089472525,
    -5.689810529033286,
    -5.65019728762666,
    -5.630901145053283,
    -5.6420131509707625,
    -5.742723541442904,
    -5.709064554778136,
    -5.627518855999747,
    -5.776461900213196,
    -6.125186291392124,
    -6.140208156654879,
    -6.153724193912143,
    -6.197858531987175,
    -6.214352701500503,
    -6.27036468368845,
    -6.17158141719498,
    -6.197571585900753,
    -6.207474125567744,
    -6.151494668523753,
    -6.138773830143859,
    -6.30531784141725,
    -6.154884874905496,
    -6.253571427563685,
    -6.256044415288087,
    -6.271721792085412,
    -6.274316390581524,
    -6.574182760664613,
    -6.654170633210227,
    -6.621113965385838,
    -6.654286640975757,
    -6.645556027316098,
    -6.618646403634192,
    -6.683978115681395,
    -6.646870726033261,
    -6.702114521354903,
    -6.71906064584279,
    -6.705555162253455,
    -6.682128147880519,
    -6.6777741654668725,
    -6.789728936904864,
    -6.680768864931457,
    -6.7196149395336295,
    -6.817815838633357,
    -6.814245048322175,
    -6.716505291112626,
    -6.830248189684677,
    -6.700080434424779,
    -6.658945228772008,
    -6.754079956757395,
    -6.772531552470765,
    -6.845123126530545,
    -6.773448056211512,
    -6.779089948700299,
    -6.791814773893289,
    -6.790152691506051,
    -6.799323439428512,
    -6.907821744807584,
    -6.878987410329653,
    -7.156786821644811,
    -7.041708090736042,
    -7.151779211771437,
    -7.208400640175658,
    -7.201544295334036,
    -7.175803648798089,
    -7.197622425695232,
    -7.171671459718924,
    -7.284238657605427,
    -7.379733690326956,
    -7.357064780266492,
    -7.330214097523587,
    -7.325873966746107,
    -7.35172013944786,
    -7.374017758864597,
    -7.356451385899594,
    -7.3395328026577555
  ],
  "val_losses": [
    2.9142359993125817,
    1.6067883545839334,
    0.6071942531609837,
    -0.16577149437198155,
    -0.8114230247992503,
    -1.357110957556133,
    -1.9997765927375117,
    -2.4184147436407546,
    -2.896007833601553,
    -3.2863265864456754,
    -3.785010002836396,
    -4.052768764616568,
    -4.46080041535293,
    -4.6940492195419115,
    -5.079037436956091,
    -4.770804224135,
    -5.365040006516855,
    -5.643528057050101,
    -3.8140684622752516,
    -4.343605949908873,
    -5.315970638130285,
    -5.4710120128679876,
    -4.9199444161185735,
    -5.5817407837396935,
    -6.253860129585749,
    -6.13731804376916,
    -5.984800399104251,
    -6.493549340887915,
    -6.4013059229790406,
    -6.402500937256632,
    -6.333840038202986,
    -6.106441431407687,
    -6.386772149725806,
    -6.151728666281398,
    -6.679968332942528,
    -6.506439667713793,
    -6.368778880638413,
    -6.911580405657804,
    -6.841004353535326,
    -4.702916152869599,
    -6.705602187144605,
    -6.9538763504994066,
    -6.698253824741026,
    -7.018151536772523,
    -7.118327919440933,
    -6.625971069818811,
    -6.9845051825801026,
    -7.068259631531148,
    -6.98916249939158,
    -5.772661124603657,
    -6.698411422439769,
    -7.33823726147036,
    -7.192158023013344,
    -7.224529906164242,
    -7.289390708826765,
    -7.119345827947689,
    -7.247560947756224,
    -7.4562283528002,
    -7.339138851890081,
    -7.364148085630393,
    -7.390372710891917,
    -7.499945990646942,
    -7.366682131079179,
    -7.293340990814982,
    -7.415620628791519,
    -7.189290801181069,
    -6.802129322969461,
    -7.5019198972967605,
    -7.602497758744638,
    -7.375932651230052,
    -7.525005400935306,
    -7.275328708600394,
    -7.580255285094056,
    -7.710468799253054,
    -7.507150390480138,
    -7.740059279188325,
    -7.827738906763777,
    -7.769000445740132,
    -7.494685468794424,
    -7.576362652114675,
    -7.616402233703227,
    -7.46186893801146,
    -7.6434407234191895,
    -7.696430447735364,
    -7.955385793613482,
    -7.86199554612365,
    -7.7831196784973145,
    -7.664082702202133,
    -7.146372553668445,
    -7.928719858579997,
    -7.493784892408153,
    -8.114248643947553,
    -8.14188426657568,
    -8.158961265901976,
    -8.086686303343955,
    -7.8160410048086435,
    -8.123376918744437,
    -8.106130593939673,
    -7.863535084301913,
    -8.092597050002858
  ],
  "eval_results": {
    "success_rates": [
      0.0,
      0.0,
      0.0,
      0.0,
      0.0,
      0.0,
      0.0,
      0.0,
      0.0,
      0.0,
      0.0
    ],
    "eval_returns": [
      -50.0,
      -50.0,
      -50.0,
      -50.0,
      -50.0,
      -50.0,
      -50.0,
      -50.0,
      -50.0,
      -50.0,
      -50.0
    ],
    "eval_epochs": [
      0,
      10,
      20,
      30,
      40,
      50,
      60,
      70,
      80,
      90,
      99
    ]
  },
  "config": {
    "obs_dim": 15,
    "action_dim": 5,
    "condition_type": "one_hot",
    "use_goal": true,
    "epochs": 100,
    "batch_size": 64,
    "lr": 0.0005
  }
}